"1.2. Halálozások száma nemek és korcsoportok szerint, hetente",,,,,,,,,,,,,,,,,,,,,,,,,,,,,,,,,,,,,,,,,,,,,
Év,A hét,,,Férfi ,,,,,,,,,,,,,,Nő ,,,,,,,,,,,,,,Összesen,,,,,,,,,,,,,
,sor-száma,kezdő napja, záró napja,0–34,35–39,40–44,45–49,50–54,55–59,60–64,65–69,70–74,75–79,80–84,85–89,90+,Összesen,0–34,35–39,40–44,45–49,50–54,55–59,60–64,65–69,70–74,75–79,80–84,85–89,90+,Összesen,0–34,35–39,40–44,45–49,50–54,55–59,60–64,65–69,70–74,75–79,80–84,85–89,90+,Összesen
,,,,éves,,,,,,,,,,,,,,éves,,,,,,,,,,,,,,éves,,,,,,,,,,,,,
2015.,1.,2014/ december 29.,2015/ január 4.,19,13,15,38,71,111,186,164,162,203,194,123,64,"1,363",22,4,6,10,35,46,84,94,139,185,308,300,204,"1,437",41,17,21,48,106,157,270,258,301,388,502,423,268,"2,800"
,2.,2015/ január 5.,2015/ január 11.,25,7,33,40,60,139,176,180,182,177,186,119,73,"1,397",11,2,10,16,33,63,115,115,147,225,312,288,271,"1,608",36,9,43,56,93,202,291,295,329,402,498,407,344,"3,005"
,3.,2015/ január 12.,2015/ január 18.,21,8,17,37,74,115,151,157,192,197,166,139,84,"1,358",13,9,4,15,26,60,111,100,156,218,292,309,229,"1,542",34,17,21,52,100,175,262,257,348,415,458,448,313,"2,900"
,4.,2015/ január 19.,2015/ január 25.,24,16,14,37,58,112,183,183,184,202,202,150,84,"1,449",16,6,9,18,40,69,98,113,151,200,305,310,221,"1,556",40,22,23,55,98,181,281,296,335,402,507,460,305,"3,005"
,5.,2015/ január 26.,2015/ február 1.,19,9,20,30,51,121,166,165,197,196,184,147,88,"1,393",13,9,17,16,34,62,100,119,144,232,314,358,256,"1,674",32,18,37,46,85,183,266,284,341,428,498,505,344,"3,067"
,6.,2015/ február 2.,2015/ február 8.,22,12,16,52,69,104,163,206,214,231,205,167,87,"1,548",14,1,14,18,43,75,104,141,179,225,344,353,291,"1,802",36,13,30,70,112,179,267,347,393,456,549,520,378,"3,350"
,7.,2015/ február 9.,2015/ február 15.,13,17,21,39,57,106,162,198,198,191,227,184,78,"1,491",11,8,12,16,35,70,105,128,156,235,382,352,279,"1,789",24,25,33,55,92,176,267,326,354,426,609,536,357,"3,280"
,8.,2015/ február 16.,2015/ február 22.,26,12,25,29,53,142,176,184,199,218,207,195,92,"1,558",17,6,7,15,31,57,92,117,196,241,335,377,300,"1,791",43,18,32,44,84,199,268,301,395,459,542,572,392,"3,349"
,9.,2015/ február 23.,2015/ március 1.,16,12,19,33,66,113,183,147,212,178,221,168,88,"1,456",13,7,12,19,30,56,81,96,163,243,315,357,272,"1,664",29,19,31,52,96,169,264,243,375,421,536,525,360,"3,120"
,10.,2015/ március 2.,2015/ március 8.,27,10,18,43,69,113,140,179,170,182,196,140,87,"1,374",7,6,11,18,32,63,83,111,141,230,316,338,232,"1,588",34,16,29,61,101,176,223,290,311,412,512,478,319,"2,962"
,11.,2015/ március 9.,2015/ március 15.,21,12,17,39,69,113,158,159,172,164,186,132,65,"1,307",11,7,5,22,29,44,93,111,154,195,277,322,200,"1,470",32,19,22,61,98,157,251,270,326,359,463,454,265,"2,777"
,12.,2015/ március 16.,2015/ március 22.,13,18,23,34,73,113,153,171,192,186,168,127,68,"1,339",14,3,6,13,35,59,82,96,136,204,282,266,229,"1,425",27,21,29,47,108,172,235,267,328,390,450,393,297,"2,764"
,13.,2015/ március 23.,2015/ március 29.,22,12,15,32,61,118,155,144,186,171,192,125,63,"1,296",7,6,7,14,35,51,101,110,133,196,272,267,195,"1,394",29,18,22,46,96,169,256,254,319,367,464,392,258,"2,690"
,14.,2015/ március 30.,2015/ április 5.,19,14,21,30,50,120,155,167,156,183,161,114,64,"1,254",11,8,10,16,25,51,85,93,144,186,279,266,211,"1,385",30,22,31,46,75,171,240,260,300,369,440,380,275,"2,639"
,15.,2015/ április 6.,2015/ április 12.,19,11,14,33,53,114,178,159,164,157,191,91,77,"1,261",12,5,11,19,22,58,90,89,122,188,264,252,219,"1,351",31,16,25,52,75,172,268,248,286,345,455,343,296,"2,612"
,16.,2015/ április 13.,2015/ április 19.,18,18,16,28,46,100,155,154,167,177,176,129,67,"1,251",8,6,17,18,29,37,104,96,134,194,262,264,192,"1,361",26,24,33,46,75,137,259,250,301,371,438,393,259,"2,612"
,17.,2015/ április 20.,2015/ április 26.,22,13,15,44,44,110,141,173,156,174,158,123,65,"1,238",6,9,15,15,31,47,87,95,147,173,249,281,205,"1,360",28,22,30,59,75,157,228,268,303,347,407,404,270,"2,598"
,18.,2015/ április 27.,2015/ május 3.,17,10,23,30,51,114,114,145,169,144,165,98,72,"1,152",17,7,10,20,25,42,86,101,146,162,268,235,196,"1,315",34,17,33,50,76,156,200,246,315,306,433,333,268,"2,467"
,19.,2015/ május 4.,2015/ május 10.,29,10,28,37,52,84,139,154,140,139,169,100,83,"1,164",8,1,7,17,24,62,81,92,125,151,254,247,187,"1,256",37,11,35,54,76,146,220,246,265,290,423,347,270,"2,420"
,20.,2015/ május 11.,2015/ május 17.,26,9,19,27,67,90,144,146,149,152,154,109,48,"1,140",12,7,9,11,22,57,95,92,102,174,213,211,148,"1,153",38,16,28,38,89,147,239,238,251,326,367,320,196,"2,293"
,21.,2015/ május 18.,2015/ május 24.,21,12,18,35,43,102,167,118,146,128,136,110,66,"1,102",7,7,6,14,32,57,66,100,109,179,229,207,159,"1,172",28,19,24,49,75,159,233,218,255,307,365,317,225,"2,274"
,22.,2015/ május 25.,2015/ május 31.,25,10,22,36,49,95,162,139,140,138,129,102,53,"1,100",9,6,9,10,26,46,73,91,106,141,200,211,149,"1,077",34,16,31,46,75,141,235,230,246,279,329,313,202,"2,177"
,23.,2015/ június 1.,2015/ június 7.,33,5,17,22,59,111,137,183,172,154,149,113,63,"1,218",13,1,10,18,27,51,82,93,129,170,234,220,168,"1,216",46,6,27,40,86,162,219,276,301,324,383,333,231,"2,434"
,24.,2015/ június 8.,2015/ június 14.,23,16,10,29,45,102,172,132,143,144,123,96,71,"1,106",11,2,12,18,27,47,90,99,135,157,204,212,178,"1,192",34,18,22,47,72,149,262,231,278,301,327,308,249,"2,298"
,25.,2015/ június 15.,2015/ június 21.,21,11,19,30,41,82,139,112,119,120,158,97,55,"1,004",18,8,11,17,20,45,60,92,95,135,186,199,177,"1,063",39,19,30,47,61,127,199,204,214,255,344,296,232,"2,067"
,26.,2015/ június 22.,2015/ június 28.,30,14,14,26,51,97,132,133,162,116,122,91,50,"1,038",14,4,15,14,30,42,77,92,118,150,198,192,157,"1,103",44,18,29,40,81,139,209,225,280,266,320,283,207,"2,141"
,27.,2015/ június 29.,2015/ július 5.,22,11,12,22,61,110,138,154,163,169,163,97,65,"1,187",14,7,9,19,31,44,72,90,129,164,219,216,182,"1,196",36,18,21,41,92,154,210,244,292,333,382,313,247,"2,383"
,28.,2015/ július 6.,2015/ július 12.,29,10,14,40,59,100,170,133,177,152,154,101,59,"1,198",11,–,7,23,32,51,87,92,114,177,253,238,208,"1,293",40,10,21,63,91,151,257,225,291,329,407,339,267,"2,491"
,29.,2015/ július 13.,2015/ július 19.,34,20,18,29,64,100,168,127,148,120,148,117,65,"1,158",14,3,11,18,25,58,81,81,112,156,238,229,174,"1,200",48,23,29,47,89,158,249,208,260,276,386,346,239,"2,358"
,30.,2015/ július 20.,2015/ július 26.,45,11,12,39,63,101,161,149,184,173,164,114,80,"1,296",12,7,7,21,26,49,80,87,139,183,261,267,190,"1,329",57,18,19,60,89,150,241,236,323,356,425,381,270,"2,625"
,31.,2015/ július 27.,2015/ augusztus 2.,19,11,14,25,55,94,139,145,120,113,136,101,60,"1,032",13,8,11,12,17,35,55,79,98,135,190,186,149,988,32,19,25,37,72,129,194,224,218,248,326,287,209,"2,020"
,32.,2015/ augusztus 3.,2015/ augusztus 9.,29,10,23,29,51,92,160,137,165,149,138,109,63,"1,155",13,3,5,15,40,33,90,108,130,162,230,219,175,"1,223",42,13,28,44,91,125,250,245,295,311,368,328,238,"2,378"
,33.,2015/ augusztus 10.,2015/ augusztus 16.,19,15,26,26,68,100,153,184,173,162,158,125,77,"1,286",14,6,13,17,37,55,96,120,141,181,278,288,215,"1,461",33,21,39,43,105,155,249,304,314,343,436,413,292,"2,747"
,34.,2015/ augusztus 17.,2015/ augusztus 23.,24,9,12,37,54,94,126,115,112,132,118,92,54,979,7,3,10,10,24,34,75,76,83,139,199,208,155,"1,023",31,12,22,47,78,128,201,191,195,271,317,300,209,"2,002"
,35.,2015/ augusztus 24.,2015/ augusztus 30.,23,15,17,43,44,88,131,138,145,146,136,109,71,"1,106",9,8,9,16,25,54,81,80,101,161,213,228,191,"1,176",32,23,26,59,69,142,212,218,246,307,349,337,262,"2,282"
,36.,2015/ augusztus 31.,2015/ szeptember 6.,17,10,15,30,43,85,141,140,150,154,120,106,71,"1,082",7,8,4,17,23,52,67,75,117,169,205,231,163,"1,138",24,18,19,47,66,137,208,215,267,323,325,337,234,"2,220"
,37.,2015/ szeptember 7.,2015/ szeptember 13.,28,8,17,43,55,108,138,155,121,116,157,107,66,"1,119",6,6,9,15,27,57,73,80,111,135,201,186,167,"1,073",34,14,26,58,82,165,211,235,232,251,358,293,233,"2,192"
,38.,2015/ szeptember 14.,2015/ szeptember 20.,22,12,15,41,46,108,141,169,149,140,156,122,59,"1,180",5,5,14,12,37,51,82,83,121,177,217,238,157,"1,199",27,17,29,53,83,159,223,252,270,317,373,360,216,"2,379"
,39.,2015/ szeptember 21.,2015/ szeptember 27.,18,10,21,28,52,78,162,142,130,135,141,91,64,"1,072",15,8,6,13,27,48,66,80,131,141,204,189,147,"1,075",33,18,27,41,79,126,228,222,261,276,345,280,211,"2,147"
,40.,2015/ szeptember 28.,2015/ október 4.,15,11,20,28,44,102,121,129,141,144,142,97,80,"1,074",11,5,8,14,26,67,93,97,120,143,172,193,169,"1,118",26,16,28,42,70,169,214,226,261,287,314,290,249,"2,192"
,41.,2015/ október 5.,2015/ október 11.,21,17,15,30,49,88,136,144,163,169,138,103,70,"1,143",8,4,7,17,27,52,81,87,108,173,240,213,172,"1,189",29,21,22,47,76,140,217,231,271,342,378,316,242,"2,332"
,42.,2015/ október 12.,2015/ október 18.,23,12,27,40,57,100,144,158,160,156,143,122,81,"1,223",5,3,6,18,32,44,79,90,118,165,210,273,197,"1,240",28,15,33,58,89,144,223,248,278,321,353,395,278,"2,463"
,43.,2015/ október 19.,2015/ október 25.,26,12,17,41,58,92,148,140,172,161,143,121,59,"1,190",10,3,9,14,26,57,82,93,135,148,252,250,168,"1,247",36,15,26,55,84,149,230,233,307,309,395,371,227,"2,437"
,44.,2015/ október 26.,2015/ november 1.,19,8,16,28,61,105,150,146,146,151,135,92,55,"1,112",12,5,8,15,30,58,83,113,111,163,256,251,201,"1,306",31,13,24,43,91,163,233,259,257,314,391,343,256,"2,418"
,45.,2015/ november 2.,2015/ november 8.,26,13,21,26,53,113,165,150,156,158,160,120,53,"1,214",12,1,7,18,25,53,85,95,118,174,235,210,178,"1,211",38,14,28,44,78,166,250,245,274,332,395,330,231,"2,425"
,46.,2015/ november 9.,2015/ november 15.,29,8,24,30,46,103,166,128,144,137,146,110,58,"1,129",13,8,9,17,19,42,65,90,108,161,252,227,175,"1,186",42,16,33,47,65,145,231,218,252,298,398,337,233,"2,315"
,47.,2015/ november 16.,2015/ november 22.,16,4,11,26,58,98,156,132,145,161,170,126,72,"1,175",12,7,10,13,26,43,70,118,130,149,231,249,207,"1,265",28,11,21,39,84,141,226,250,275,310,401,375,279,"2,440"
,48.,2015/ november 23.,2015/ november 29.,20,12,12,37,64,98,152,152,150,170,159,111,57,"1,194",5,4,10,10,28,56,85,82,122,158,245,244,146,"1,195",25,16,22,47,92,154,237,234,272,328,404,355,203,"2,389"
,49.,2015/ november 30.,2015/ december 6.,21,9,26,34,49,97,162,154,138,158,135,104,50,"1,137",9,6,5,13,28,65,80,98,121,153,230,262,178,"1,248",30,15,31,47,77,162,242,252,259,311,365,366,228,"2,385"
,50.,2015/ december 7.,2015/ december 13.,28,16,13,31,47,94,158,160,163,182,126,111,68,"1,197",17,11,4,22,29,47,75,94,117,163,234,241,167,"1,221",45,27,17,53,76,141,233,254,280,345,360,352,235,"2,418"
,51.,2015/ december 14.,2015/ december 20.,24,17,21,48,58,118,150,151,143,135,145,119,56,"1,185",12,6,10,12,24,47,93,93,119,165,223,235,182,"1,221",36,23,31,60,82,165,243,244,262,300,368,354,238,"2,406"
,52.,2015/ december 21.,2015/ december 27.,22,13,15,47,67,105,144,175,160,157,181,96,62,"1,244",10,8,8,11,27,56,95,94,112,190,227,238,194,"1,270",32,21,23,58,94,161,239,269,272,347,408,334,256,"2,514"
,53.,2015/ december 28.,2016/ január 3.,11,8,22,36,64,116,175,150,163,158,164,107,67,"1,241",6,5,10,12,16,50,110,102,117,200,231,235,184,"1,278",17,13,32,48,80,166,285,252,280,358,395,342,251,"2,519"
2016.,1.,2016/ január 4.,2016/ január 10.,23,8,23,42,55,110,189,177,186,182,187,142,100,"1,424",9,7,10,20,33,51,90,111,141,176,258,264,229,"1,399",32,15,33,62,88,161,279,288,327,358,445,406,329,"2,823"
,2.,2016/ január 11.,2016/ január 17.,19,7,22,33,65,107,155,160,186,154,142,129,77,"1,256",5,6,7,30,20,44,100,117,130,193,260,268,204,"1,384",24,13,29,63,85,151,255,277,316,347,402,397,281,"2,640"
,3.,2016/ január 18.,2016/ január 24.,24,11,14,37,67,99,138,160,172,162,178,133,57,"1,252",14,8,9,19,29,54,83,99,143,159,240,269,184,"1,310",38,19,23,56,96,153,221,259,315,321,418,402,241,"2,562"
,4.,2016/ január 25.,2016/ január 31.,12,9,28,38,54,102,149,168,152,148,157,155,70,"1,242",9,3,10,16,21,50,80,103,134,191,271,267,218,"1,373",21,12,38,54,75,152,229,271,286,339,428,422,288,"2,615"
,5.,2016/ február 1.,2016/ február 7.,15,10,14,33,53,106,128,132,155,172,145,113,69,"1,145",15,10,6,23,21,55,93,111,111,174,271,248,200,"1,338",30,20,20,56,74,161,221,243,266,346,416,361,269,"2,483"
,6.,2016/ február 8.,2016/ február 14.,24,10,21,46,62,93,165,183,170,174,150,123,69,"1,290",14,4,12,13,26,53,96,114,129,167,258,248,216,"1,350",38,14,33,59,88,146,261,297,299,341,408,371,285,"2,640"
,7.,2016/ február 15.,2016/ február 21.,19,20,16,37,59,101,149,173,192,179,158,115,66,"1,284",6,8,12,16,21,38,96,104,130,155,231,263,211,"1,291",25,28,28,53,80,139,245,277,322,334,389,378,277,"2,575"
,8.,2016/ február 22.,2016/ február 28.,29,11,13,31,57,106,145,155,164,173,147,120,72,"1,223",19,5,11,24,25,47,90,94,99,174,224,249,207,"1,268",48,16,24,55,82,153,235,249,263,347,371,369,279,"2,491"
,9.,2016/ február 29.,2016/ március 6.,19,10,12,27,46,113,182,174,176,171,152,112,68,"1,262",13,2,7,17,19,51,80,111,125,179,236,235,198,"1,273",32,12,19,44,65,164,262,285,301,350,388,347,266,"2,535"
,10.,2016/ március 7.,2016/ március 13.,15,12,27,35,51,110,155,175,136,163,165,102,50,"1,196",11,7,14,13,27,35,83,112,127,190,219,261,201,"1,300",26,19,41,48,78,145,238,287,263,353,384,363,251,"2,496"
,11.,2016/ március 14.,2016/ március 20.,19,12,15,28,62,91,160,155,185,149,151,116,72,"1,215",15,5,6,16,25,47,78,97,129,184,237,202,182,"1,223",34,17,21,44,87,138,238,252,314,333,388,318,254,"2,438"
,12.,2016/ március 21.,2016/ március 27.,25,9,12,38,53,106,157,154,151,175,182,116,65,"1,243",8,4,7,15,29,45,83,91,112,171,238,255,180,"1,238",33,13,19,53,82,151,240,245,263,346,420,371,245,"2,481"
,13.,2016/ március 28.,2016/ április 3.,16,9,16,31,56,114,157,180,155,168,160,116,69,"1,247",6,5,16,13,29,51,87,100,117,176,224,260,206,"1,290",22,14,32,44,85,165,244,280,272,344,384,376,275,"2,537"
,14.,2016/ április 4.,2016/ április 10.,21,10,16,34,64,92,155,148,160,165,144,106,69,"1,184",11,7,8,8,25,57,80,97,145,168,220,259,187,"1,272",32,17,24,42,89,149,235,245,305,333,364,365,256,"2,456"
,15.,2016/ április 11.,2016/ április 17.,27,12,15,46,50,90,146,155,128,151,139,106,57,"1,122",15,6,9,20,26,43,74,107,95,184,213,219,185,"1,196",42,18,24,66,76,133,220,262,223,335,352,325,242,"2,318"
,16.,2016/ április 18.,2016/ április 24.,16,7,23,32,43,93,139,156,134,147,135,117,66,"1,108",11,4,8,17,20,49,77,91,125,190,224,231,194,"1,241",27,11,31,49,63,142,216,247,259,337,359,348,260,"2,349"
,17.,2016/ április 25.,2016/ május 1.,19,10,13,34,38,104,165,190,156,153,159,100,76,"1,217",22,11,15,20,26,36,75,86,84,152,237,214,169,"1,147",41,21,28,54,64,140,240,276,240,305,396,314,245,"2,364"
,18.,2016/ május 2.,2016/ május 8.,16,15,20,25,51,85,145,181,157,126,135,98,70,"1,124",10,1,9,19,20,39,72,86,111,165,209,224,190,"1,155",26,16,29,44,71,124,217,267,268,291,344,322,260,"2,279"
,19.,2016/ május 9.,2016/ május 15.,20,10,18,27,59,97,151,154,155,148,161,130,71,"1,201",12,11,10,11,18,51,89,101,122,152,191,212,189,"1,169",32,21,28,38,77,148,240,255,277,300,352,342,260,"2,370"
,20.,2016/ május 16.,2016/ május 22.,17,7,24,33,65,113,144,157,158,168,128,99,81,"1,194",17,5,11,12,17,46,85,96,123,162,224,225,164,"1,187",34,12,35,45,82,159,229,253,281,330,352,324,245,"2,381"
,21.,2016/ május 23.,2016/ május 29.,19,6,19,23,64,88,149,157,148,139,159,112,58,"1,141",6,9,3,14,22,43,80,93,100,166,216,202,166,"1,120",25,15,22,37,86,131,229,250,248,305,375,314,224,"2,261"
,22.,2016/ május 30.,2016/ június 5.,26,10,18,26,41,95,147,174,150,147,132,94,58,"1,118",12,5,5,12,27,44,83,94,125,146,214,231,169,"1,167",38,15,23,38,68,139,230,268,275,293,346,325,227,"2,285"
,23.,2016/ június 6.,2016/ június 12.,23,8,24,33,53,90,135,163,181,129,139,116,57,"1,151",8,5,3,19,29,49,69,102,101,146,196,182,175,"1,084",31,13,27,52,82,139,204,265,282,275,335,298,232,"2,235"
,24.,2016/ június 13.,2016/ június 19.,23,16,18,24,54,91,130,134,144,145,138,106,64,"1,087",12,3,6,12,26,34,84,87,82,141,202,203,172,"1,064",35,19,24,36,80,125,214,221,226,286,340,309,236,"2,151"
,25.,2016/ június 20.,2016/ június 26.,21,13,10,39,45,74,150,173,185,172,163,113,59,"1,217",10,10,14,11,26,43,83,101,110,188,240,225,203,"1,264",31,23,24,50,71,117,233,274,295,360,403,338,262,"2,481"
,26.,2016/ június 27.,2016/ július 3.,26,13,16,38,48,92,137,174,134,154,132,96,65,"1,125",9,4,11,18,26,51,92,111,88,158,207,230,173,"1,178",35,17,27,56,74,143,229,285,222,312,339,326,238,"2,303"
,27.,2016/ július 4.,2016/ július 10.,34,11,14,28,50,91,127,153,139,153,154,104,57,"1,115",6,1,7,8,19,40,44,83,107,135,219,162,156,987,40,12,21,36,69,131,171,236,246,288,373,266,213,"2,102"
,28.,2016/ július 11.,2016/ július 17.,26,13,15,34,58,100,148,156,150,155,146,104,60,"1,165",11,3,13,15,15,44,81,89,116,159,202,194,169,"1,111",37,16,28,49,73,144,229,245,266,314,348,298,229,"2,276"
,29.,2016/ július 18.,2016/ július 24.,22,11,17,37,61,83,138,159,127,152,128,81,63,"1,079",18,–,7,9,16,43,67,95,113,167,216,199,181,"1,131",40,11,24,46,77,126,205,254,240,319,344,280,244,"2,210"
,30.,2016/ július 25.,2016/ július 31.,24,10,14,36,54,83,158,145,149,143,134,106,55,"1,111",6,4,8,11,24,53,85,94,127,154,207,223,170,"1,166",30,14,22,47,78,136,243,239,276,297,341,329,225,"2,277"
,31.,2016/ augusztus 1.,2016/ augusztus 7.,17,11,15,34,35,79,153,146,141,168,152,102,55,"1,108",10,5,13,12,25,51,60,75,128,157,201,219,157,"1,113",27,16,28,46,60,130,213,221,269,325,353,321,212,"2,221"
,32.,2016/ augusztus 8.,2016/ augusztus 14.,26,8,15,30,46,78,157,127,158,106,131,106,67,"1,055",11,4,10,16,24,49,69,82,112,157,202,197,132,"1,065",37,12,25,46,70,127,226,209,270,263,333,303,199,"2,120"
,33.,2016/ augusztus 15.,2016/ augusztus 21.,17,6,16,23,49,88,142,140,141,129,127,114,61,"1,053",12,7,10,11,23,43,81,68,120,164,248,216,166,"1,169",29,13,26,34,72,131,223,208,261,293,375,330,227,"2,222"
,34.,2016/ augusztus 22.,2016/ augusztus 28.,12,11,13,36,43,102,151,144,144,158,137,110,62,"1,123",5,8,4,14,21,39,79,77,129,158,225,207,152,"1,118",17,19,17,50,64,141,230,221,273,316,362,317,214,"2,241"
,35.,2016/ augusztus 29.,2016/ szeptember 4.,19,10,17,39,59,96,170,130,172,161,151,104,56,"1,184",12,7,9,8,23,41,80,85,106,184,210,201,170,"1,136",31,17,26,47,82,137,250,215,278,345,361,305,226,"2,320"
,36.,2016/ szeptember 5.,2016/ szeptember 11.,21,8,19,31,59,79,160,151,144,147,116,110,55,"1,100",9,7,6,12,21,34,86,72,116,174,188,228,193,"1,146",30,15,25,43,80,113,246,223,260,321,304,338,248,"2,246"
,37.,2016/ szeptember 12.,2016/ szeptember 18.,27,8,22,31,62,95,148,159,171,136,143,120,56,"1,178",10,2,11,16,19,66,79,84,119,171,228,207,175,"1,187",37,10,33,47,81,161,227,243,290,307,371,327,231,"2,365"
,38.,2016/ szeptember 19.,2016/ szeptember 25.,29,8,20,34,58,91,148,148,138,136,140,108,54,"1,112",8,8,9,7,13,47,67,87,108,153,233,217,194,"1,151",37,16,29,41,71,138,215,235,246,289,373,325,248,"2,263"
,39.,2016/ szeptember 26.,2016/ október 2.,24,8,24,32,57,108,145,150,171,155,138,139,61,"1,212",9,3,11,13,25,58,83,84,114,181,217,228,185,"1,211",33,11,35,45,82,166,228,234,285,336,355,367,246,"2,423"
,40.,2016/ október 3.,2016/ október 9.,23,12,27,34,48,91,172,179,144,166,140,115,73,"1,224",12,11,4,15,27,31,73,111,118,181,218,237,185,"1,223",35,23,31,49,75,122,245,290,262,347,358,352,258,"2,447"
,41.,2016/ október 10.,2016/ október 16.,17,11,12,33,54,104,144,186,155,172,171,125,77,"1,261",9,3,8,18,35,40,91,99,117,172,227,242,216,"1,277",26,14,20,51,89,144,235,285,272,344,398,367,293,"2,538"
,42.,2016/ október 17.,2016/ október 23.,21,12,12,31,46,87,155,162,164,159,147,127,79,"1,202",7,8,8,14,22,52,96,98,123,181,245,246,191,"1,291",28,20,20,45,68,139,251,260,287,340,392,373,270,"2,493"
,43.,2016/ október 24.,2016/ október 30.,17,5,17,30,52,81,136,165,168,158,167,118,79,"1,193",9,4,7,12,41,58,69,93,140,155,260,270,216,"1,334",26,9,24,42,93,139,205,258,308,313,427,388,295,"2,527"
,44.,2016/ október 31.,2016/ november 6.,12,11,17,30,52,105,159,174,158,164,153,119,85,"1,239",4,7,8,16,29,50,78,97,107,164,237,234,188,"1,219",16,18,25,46,81,155,237,271,265,328,390,353,273,"2,458"
,45.,2016/ november 7.,2016/ november 13.,13,14,19,32,52,89,150,174,143,142,175,119,70,"1,192",13,5,8,17,25,42,88,115,122,179,241,246,178,"1,279",26,19,27,49,77,131,238,289,265,321,416,365,248,"2,471"
,46.,2016/ november 14.,2016/ november 20.,20,7,16,43,37,104,171,159,178,161,147,110,53,"1,206",13,4,12,15,22,48,80,93,128,173,209,266,214,"1,277",33,11,28,58,59,152,251,252,306,334,356,376,267,"2,483"
,47.,2016/ november 21.,2016/ november 27.,22,12,21,28,65,85,147,188,159,150,159,119,70,"1,225",9,3,11,19,16,45,96,96,144,180,227,244,224,"1,314",31,15,32,47,81,130,243,284,303,330,386,363,294,"2,539"
,48.,2016/ november 28.,2016/ december 4.,14,7,21,31,56,112,174,184,176,155,183,115,58,"1,286",8,6,11,15,21,39,72,98,137,178,239,251,179,"1,254",22,13,32,46,77,151,246,282,313,333,422,366,237,"2,540"
,49.,2016/ december 5.,2016/ december 11.,23,14,19,34,49,121,193,201,165,152,164,121,57,"1,313",11,4,9,15,27,44,87,92,142,177,233,275,206,"1,322",34,18,28,49,76,165,280,293,307,329,397,396,263,"2,635"
,50.,2016/ december 12.,2016/ december 18.,19,5,17,36,50,105,174,163,179,151,169,120,70,"1,258",14,3,5,8,38,41,86,103,129,173,254,248,225,"1,327",33,8,22,44,88,146,260,266,308,324,423,368,295,"2,585"
,51.,2016/ december 19.,2016/ december 25.,21,12,17,42,62,102,183,204,193,163,205,135,86,"1,425",10,4,12,12,29,61,86,112,124,185,241,295,249,"1,420",31,16,29,54,91,163,269,316,317,348,446,430,335,"2,845"
,52.,2016/ december 26.,2017/ január 1.,17,12,21,38,62,79,169,192,196,169,174,156,92,"1,377",6,6,14,13,21,54,80,128,151,209,259,311,268,"1,520",23,18,35,51,83,133,249,320,347,378,433,467,360,"2,897"
2017.,1.,2017/ január 2.,2017/ január 8.,26,5,28,39,56,109,179,238,193,203,181,164,95,"1,516",17,9,12,17,27,50,103,131,133,240,306,312,282,"1,639",43,14,40,56,83,159,282,369,326,443,487,476,377,"3,155"
,2.,2017/ január 9.,2017/ január 15.,11,13,30,32,71,99,218,222,201,220,201,157,90,"1,565",6,8,10,26,44,59,102,122,168,222,341,362,276,"1,746",17,21,40,58,115,158,320,344,369,442,542,519,366,"3,311"
,3.,2017/ január 16.,2017/ január 22.,26,8,26,39,61,121,224,206,219,209,224,163,98,"1,624",7,3,7,18,35,36,117,138,162,246,377,366,313,"1,825",33,11,33,57,96,157,341,344,381,455,601,529,411,"3,449"
,4.,2017/ január 23.,2017/ január 29.,26,12,26,43,67,124,221,229,249,205,220,169,92,"1,683",18,8,13,23,26,65,134,115,155,277,343,377,337,"1,891",44,20,39,66,93,189,355,344,404,482,563,546,429,"3,574"
,5.,2017/ január 30.,2017/ február 5.,24,12,25,32,59,114,229,246,220,227,238,190,121,"1,737",14,5,13,24,32,66,107,150,149,253,339,396,331,"1,879",38,17,38,56,91,180,336,396,369,480,577,586,452,"3,616"
,6.,2017/ február 6.,2017/ február 12.,21,9,19,46,69,115,180,207,188,200,203,160,112,"1,529",9,4,12,23,19,50,106,137,150,251,333,335,298,"1,727",30,13,31,69,88,165,286,344,338,451,536,495,410,"3,256"
,7.,2017/ február 13.,2017/ február 19.,20,8,21,34,56,97,181,166,190,169,194,164,82,"1,382",12,5,5,10,26,39,106,134,140,219,292,329,292,"1,609",32,13,26,44,82,136,287,300,330,388,486,493,374,"2,991"
,8.,2017/ február 20.,2017/ február 26.,24,8,13,33,56,100,174,196,170,204,156,129,98,"1,361",16,2,9,18,27,71,108,121,145,205,276,287,244,"1,529",40,10,22,51,83,171,282,317,315,409,432,416,342,"2,890"
,9.,2017/ február 27.,2017/ március 5.,9,8,17,45,62,102,144,158,163,167,164,121,82,"1,242",9,6,13,15,32,51,95,123,145,202,220,281,234,"1,426",18,14,30,60,94,153,239,281,308,369,384,402,316,"2,668"
,10.,2017/ március 6.,2017/ március 12.,16,8,14,34,61,91,159,183,149,218,165,130,92,"1,320",16,7,8,13,25,40,76,110,136,164,273,249,234,"1,351",32,15,22,47,86,131,235,293,285,382,438,379,326,"2,671"
,11.,2017/ március 13.,2017/ március 19.,23,7,18,41,57,80,154,168,162,174,160,140,59,"1,243",9,5,6,10,24,44,91,99,143,176,266,272,194,"1,339",32,12,24,51,81,124,245,267,305,350,426,412,253,"2,582"
,12.,2017/ március 20.,2017/ március 26.,19,13,17,29,57,71,140,172,183,170,165,134,53,"1,223",15,6,10,21,35,50,83,105,122,195,247,252,220,"1,361",34,19,27,50,92,121,223,277,305,365,412,386,273,"2,584"
,13.,2017/ március 27.,2017/ április 2.,21,11,19,19,53,78,167,170,168,165,151,106,75,"1,203",11,4,6,21,27,54,84,105,116,198,223,248,246,"1,343",32,15,25,40,80,132,251,275,284,363,374,354,321,"2,546"
,14.,2017/ április 3.,2017/ április 9.,20,14,20,24,41,86,150,161,164,165,138,133,61,"1,177",18,3,9,18,18,37,91,117,136,154,216,247,181,"1,245",38,17,29,42,59,123,241,278,300,319,354,380,242,"2,422"
,15.,2017/ április 10.,2017/ április 16.,24,10,10,25,48,93,156,185,168,170,156,97,67,"1,209",13,3,7,10,27,52,90,92,135,173,248,226,207,"1,283",37,13,17,35,75,145,246,277,303,343,404,323,274,"2,492"
,16.,2017/ április 17.,2017/ április 23.,20,10,8,27,59,98,177,154,157,168,161,125,69,"1,233",8,3,3,24,28,47,77,106,107,171,250,269,201,"1,294",28,13,11,51,87,145,254,260,264,339,411,394,270,"2,527"
,17.,2017/ április 24.,2017/ április 30.,25,10,14,24,49,89,148,157,170,185,149,123,83,"1,226",7,6,10,15,28,41,72,97,122,191,226,237,202,"1,254",32,16,24,39,77,130,220,254,292,376,375,360,285,"2,480"
,18.,2017/ május 1.,2017/ május 7.,25,12,21,34,47,79,141,167,187,162,134,102,73,"1,184",14,8,10,10,24,45,83,118,117,180,236,243,207,"1,295",39,20,31,44,71,124,224,285,304,342,370,345,280,"2,479"
,19.,2017/ május 8.,2017/ május 14.,25,12,15,26,42,90,163,152,154,152,143,117,54,"1,145",10,6,9,20,24,51,75,109,99,154,225,242,171,"1,195",35,18,24,46,66,141,238,261,253,306,368,359,225,"2,340"
,20.,2017/ május 15.,2017/ május 21.,22,8,17,33,50,81,133,157,150,153,155,90,63,"1,112",9,11,7,12,20,40,87,105,118,184,222,224,172,"1,211",31,19,24,45,70,121,220,262,268,337,377,314,235,"2,323"
,21.,2017/ május 22.,2017/ május 28.,17,5,13,33,61,96,150,146,138,174,118,97,54,"1,102",7,2,8,18,21,41,75,93,108,150,192,214,178,"1,107",24,7,21,51,82,137,225,239,246,324,310,311,232,"2,209"
,22.,2017/ május 29.,2017/ június 4.,25,10,14,37,50,86,168,155,182,168,148,107,62,"1,212",10,6,8,18,18,32,61,94,131,182,200,234,176,"1,170",35,16,22,55,68,118,229,249,313,350,348,341,238,"2,382"
,23.,2017/ június 5.,2017/ június 11.,22,8,20,17,50,85,163,130,159,139,124,111,53,"1,081",6,4,7,11,31,34,63,74,115,150,202,193,155,"1,045",28,12,27,28,81,119,226,204,274,289,326,304,208,"2,126"
,24.,2017/ június 12.,2017/ június 18.,20,13,15,43,54,68,146,148,144,154,131,95,58,"1,089",7,12,7,16,23,34,52,84,103,153,192,217,156,"1,056",27,25,22,59,77,102,198,232,247,307,323,312,214,"2,145"
,25.,2017/ június 19.,2017/ június 25.,14,11,14,38,55,91,175,146,131,173,144,98,64,"1,154",9,6,4,10,25,39,82,89,105,144,224,229,177,"1,143",23,17,18,48,80,130,257,235,236,317,368,327,241,"2,297"
,26.,2017/ június 26.,2017/ július 2.,27,6,12,29,38,64,132,147,120,148,150,93,54,"1,020",14,3,8,10,18,33,60,82,113,164,223,235,153,"1,116",41,9,20,39,56,97,192,229,233,312,373,328,207,"2,136"
,27.,2017/ július 3.,2017/ július 9.,18,11,20,30,54,90,133,129,136,149,114,109,58,"1,051",7,8,6,14,23,34,72,99,99,138,200,230,162,"1,092",25,19,26,44,77,124,205,228,235,287,314,339,220,"2,143"
,28.,2017/ július 10.,2017/ július 16.,19,9,17,31,52,72,153,142,167,139,143,91,44,"1,079",9,9,10,21,17,40,94,95,115,155,243,245,156,"1,209",28,18,27,52,69,112,247,237,282,294,386,336,200,"2,288"
,29.,2017/ július 17.,2017/ július 23.,19,9,16,31,59,82,142,142,156,140,121,117,63,"1,097",7,2,7,16,23,48,71,99,112,157,223,243,166,"1,174",26,11,23,47,82,130,213,241,268,297,344,360,229,"2,271"
,30.,2017/ július 24.,2017/ július 30.,20,11,17,34,41,72,140,158,169,137,128,86,62,"1,075",8,13,8,19,17,53,70,101,104,162,195,189,126,"1,065",28,24,25,53,58,125,210,259,273,299,323,275,188,"2,140"
,31.,2017/ július 31.,2017/ augusztus 6.,33,9,18,43,64,104,142,192,174,149,182,111,59,"1,280",10,6,11,13,28,36,95,122,127,174,241,289,225,"1,377",43,15,29,56,92,140,237,314,301,323,423,400,284,"2,657"
,32.,2017/ augusztus 7.,2017/ augusztus 13.,26,7,12,38,44,72,158,155,150,154,130,106,77,"1,129",7,7,10,9,22,30,67,96,113,166,201,261,174,"1,163",33,14,22,47,66,102,225,251,263,320,331,367,251,"2,292"
,33.,2017/ augusztus 14.,2017/ augusztus 20.,15,7,18,32,41,91,113,148,151,138,123,108,53,"1,038",14,4,6,11,19,45,68,95,121,143,210,209,164,"1,109",29,11,24,43,60,136,181,243,272,281,333,317,217,"2,147"
,34.,2017/ augusztus 21.,2017/ augusztus 27.,22,8,17,22,56,76,145,145,149,141,124,91,73,"1,069",8,5,10,6,24,43,76,93,100,135,200,229,157,"1,086",30,13,27,28,80,119,221,238,249,276,324,320,230,"2,155"
,35.,2017/ augusztus 28.,2017/ szeptember 3.,18,7,13,35,71,85,113,165,168,143,124,102,52,"1,096",10,3,8,12,23,37,81,75,101,177,220,234,162,"1,143",28,10,21,47,94,122,194,240,269,320,344,336,214,"2,239"
,36.,2017/ szeptember 4.,2017/ szeptember 10.,17,14,17,37,45,74,135,153,133,141,128,122,55,"1,071",6,4,12,22,32,41,68,97,129,150,190,189,175,"1,115",23,18,29,59,77,115,203,250,262,291,318,311,230,"2,186"
,37.,2017/ szeptember 11.,2017/ szeptember 17.,23,9,16,32,45,96,143,134,144,163,144,110,71,"1,130",7,8,6,21,23,45,80,97,114,132,220,234,173,"1,160",30,17,22,53,68,141,223,231,258,295,364,344,244,"2,290"
,38.,2017/ szeptember 18.,2017/ szeptember 24.,21,10,18,30,60,97,139,157,157,148,131,114,56,"1,138",6,7,7,21,19,54,86,88,120,177,197,212,180,"1,174",27,17,25,51,79,151,225,245,277,325,328,326,236,"2,312"
,39.,2017/ szeptember 25.,2017/ október 1.,20,9,13,37,51,88,147,160,157,154,147,122,80,"1,185",10,5,7,21,27,36,80,91,114,157,217,229,172,"1,166",30,14,20,58,78,124,227,251,271,311,364,351,252,"2,351"
,40.,2017/ október 2.,2017/ október 8.,20,5,13,34,40,70,156,174,153,155,161,141,86,"1,208",12,6,12,16,22,40,70,84,117,164,224,255,198,"1,220",32,11,25,50,62,110,226,258,270,319,385,396,284,"2,428"
,41.,2017/ október 9.,2017/ október 15.,26,15,21,35,47,102,143,185,164,167,150,103,52,"1,210",8,8,7,12,22,43,89,114,116,195,205,255,212,"1,286",34,23,28,47,69,145,232,299,280,362,355,358,264,"2,496"
,42.,2017/ október 16.,2017/ október 22.,14,17,10,25,58,79,151,169,160,153,139,102,56,"1,133",8,4,5,23,32,29,99,98,116,166,197,268,179,"1,224",22,21,15,48,90,108,250,267,276,319,336,370,235,"2,357"
,43.,2017/ október 23.,2017/ október 29.,24,5,13,39,44,91,160,153,152,134,154,101,66,"1,136",11,9,9,10,28,53,80,100,113,159,220,223,187,"1,202",35,14,22,49,72,144,240,253,265,293,374,324,253,"2,338"
,44.,2017/ október 30.,2017/ november 5.,22,9,18,40,39,92,158,161,147,162,139,112,59,"1,158",16,7,12,15,20,41,93,99,131,149,210,244,202,"1,239",38,16,30,55,59,133,251,260,278,311,349,356,261,"2,397"
,45.,2017/ november 6.,2017/ november 12.,20,15,15,34,47,87,157,166,144,148,138,123,66,"1,160",14,5,7,15,19,36,83,104,131,154,205,210,181,"1,164",34,20,22,49,66,123,240,270,275,302,343,333,247,"2,324"
,46.,2017/ november 13.,2017/ november 19.,18,4,17,35,57,94,164,168,167,148,154,120,70,"1,216",12,2,9,17,30,32,82,105,102,181,212,229,194,"1,207",30,6,26,52,87,126,246,273,269,329,366,349,264,"2,423"
,47.,2017/ november 20.,2017/ november 26.,29,10,26,36,47,96,155,176,162,168,136,134,64,"1,239",13,6,9,17,26,39,69,111,147,166,240,230,191,"1,264",42,16,35,53,73,135,224,287,309,334,376,364,255,"2,503"
,48.,2017/ november 27.,2017/ december 3.,19,11,19,33,42,94,146,166,175,157,151,122,62,"1,197",7,2,5,12,26,45,76,106,138,147,258,219,199,"1,240",26,13,24,45,68,139,222,272,313,304,409,341,261,"2,437"
,49.,2017/ december 4.,2017/ december 10.,16,23,14,43,53,89,171,185,179,181,174,143,71,"1,342",8,3,5,13,29,54,81,108,138,173,229,256,216,"1,313",24,26,19,56,82,143,252,293,317,354,403,399,287,"2,655"
,50.,2017/ december 11.,2017/ december 17.,25,9,21,25,54,87,159,184,149,195,153,123,82,"1,266",10,2,21,15,24,46,76,103,118,174,226,249,250,"1,314",35,11,42,40,78,133,235,287,267,369,379,372,332,"2,580"
,51.,2017/ december 18.,2017/ december 24.,24,8,17,39,54,115,155,200,162,163,166,128,54,"1,285",10,4,10,17,24,43,90,118,107,180,233,259,225,"1,320",34,12,27,56,78,158,245,318,269,343,399,387,279,"2,605"
,52.,2017/ december 25.,2017/ december 31.,28,9,14,37,57,81,192,177,157,178,146,126,83,"1,285",12,6,7,16,29,57,70,109,129,191,261,250,206,"1,343",40,15,21,53,86,138,262,286,286,369,407,376,289,"2,628"
2018.,1.,2018/ január 1.,2018/ január 7.,22,14,14,33,57,101,171,168,155,181,150,126,80,"1,272",6,4,6,16,29,39,76,111,132,170,247,260,227,"1,323",28,18,20,49,86,140,247,279,287,351,397,386,307,"2,595"
,2.,2018/ január 8.,2018/ január 14.,21,6,20,32,41,82,164,171,170,164,173,114,60,"1,218",11,9,7,16,21,43,83,98,102,173,252,300,213,"1,328",32,15,27,48,62,125,247,269,272,337,425,414,273,"2,546"
,3.,2018/ január 15.,2018/ január 21.,16,9,31,31,57,104,164,167,199,190,159,125,75,"1,327",7,8,6,14,18,44,89,98,121,214,255,274,200,"1,348",23,17,37,45,75,148,253,265,320,404,414,399,275,"2,675"
,4.,2018/ január 22.,2018/ január 28.,25,14,25,29,56,82,167,192,156,167,143,133,67,"1,256",5,6,5,20,22,50,95,102,115,194,269,275,241,"1,399",30,20,30,49,78,132,262,294,271,361,412,408,308,"2,655"
,5.,2018/ január 29.,2018/ február 4.,22,10,18,32,49,91,179,173,190,169,157,127,66,"1,283",12,7,9,15,18,40,86,122,139,185,279,293,243,"1,448",34,17,27,47,67,131,265,295,329,354,436,420,309,"2,731"
,6.,2018/ február 5.,2018/ február 11.,27,10,24,21,63,99,173,172,172,189,182,157,81,"1,370",10,3,10,15,22,51,92,111,142,181,253,319,254,"1,463",37,13,34,36,85,150,265,283,314,370,435,476,335,"2,833"
,7.,2018/ február 12.,2018/ február 18.,24,8,17,32,63,81,189,202,198,209,170,168,84,"1,445",10,9,12,17,23,49,96,118,155,217,294,324,268,"1,592",34,17,29,49,86,130,285,320,353,426,464,492,352,"3,037"
,8.,2018/ február 19.,2018/ február 25.,14,11,26,32,62,102,206,204,192,206,176,160,103,"1,494",15,7,8,15,22,47,123,133,166,207,311,331,282,"1,667",29,18,34,47,84,149,329,337,358,413,487,491,385,"3,161"
,9.,2018/ február 26.,2018/ március 4.,21,11,22,39,67,86,209,201,202,244,196,164,92,"1,554",13,7,10,27,20,42,97,134,156,231,328,327,291,"1,683",34,18,32,66,87,128,306,335,358,475,524,491,383,"3,237"
,10.,2018/ március 5.,2018/ március 11.,18,12,28,45,63,94,199,208,229,219,184,145,109,"1,553",9,5,11,27,28,52,88,138,148,225,325,341,268,"1,665",27,17,39,72,91,146,287,346,377,444,509,486,377,"3,218"
,11.,2018/ március 12.,2018/ március 18.,18,11,24,40,52,100,187,207,178,186,176,139,99,"1,417",13,3,14,21,22,43,96,119,156,217,318,306,271,"1,599",31,14,38,61,74,143,283,326,334,403,494,445,370,"3,016"
,12.,2018/ március 19.,2018/ március 25.,17,14,21,35,63,91,178,188,192,183,169,149,84,"1,384",11,4,8,16,34,52,100,120,119,204,256,300,270,"1,494",28,18,29,51,97,143,278,308,311,387,425,449,354,"2,878"
,13.,2018/ március 26.,2018/ április 1.,28,9,14,32,57,91,158,193,178,166,181,128,69,"1,304",13,3,12,15,25,40,85,100,136,209,280,295,257,"1,470",41,12,26,47,82,131,243,293,314,375,461,423,326,"2,774"
,14.,2018/ április 2.,2018/ április 8.,25,12,20,32,66,98,156,185,178,169,152,112,70,"1,275",11,2,20,7,27,52,89,105,133,192,224,257,228,"1,347",36,14,40,39,93,150,245,290,311,361,376,369,298,"2,622"
,15.,2018/ április 9.,2018/ április 15.,25,11,17,35,58,81,168,205,163,158,167,133,70,"1,291",12,6,18,9,31,29,72,112,147,146,242,256,205,"1,285",37,17,35,44,89,110,240,317,310,304,409,389,275,"2,576"
,16.,2018/ április 16.,2018/ április 22.,18,17,23,31,45,79,151,143,155,159,137,105,60,"1,123",11,2,10,14,23,46,92,92,113,176,219,219,196,"1,213",29,19,33,45,68,125,243,235,268,335,356,324,256,"2,336"
,17.,2018/ április 23.,2018/ április 29.,19,8,7,32,50,90,143,160,152,159,149,98,57,"1,124",11,4,11,13,19,32,74,87,124,184,206,219,192,"1,176",30,12,18,45,69,122,217,247,276,343,355,317,249,"2,300"
,18.,2018/ április 30.,2018/ május 6.,13,10,24,30,46,98,155,152,156,131,134,95,68,"1,112",10,5,10,14,21,37,72,87,113,172,196,267,178,"1,182",23,15,34,44,67,135,227,239,269,303,330,362,246,"2,294"
,19.,2018/ május 7.,2018/ május 13.,23,8,18,36,49,80,132,153,142,147,135,98,55,"1,076",9,7,3,14,18,51,66,100,102,139,197,211,167,"1,084",32,15,21,50,67,131,198,253,244,286,332,309,222,"2,160"
,20.,2018/ május 14.,2018/ május 20.,17,9,25,32,54,90,144,152,140,117,147,116,60,"1,103",13,2,7,10,23,46,55,83,103,144,197,208,160,"1,051",30,11,32,42,77,136,199,235,243,261,344,324,220,"2,154"
,21.,2018/ május 21.,2018/ május 27.,19,9,23,22,51,82,158,161,152,122,149,107,75,"1,130",14,6,7,15,26,40,77,95,111,167,255,229,180,"1,222",33,15,30,37,77,122,235,256,263,289,404,336,255,"2,352"
,22.,2018/ május 28.,2018/ június 3.,20,11,13,31,39,80,157,151,184,135,168,112,65,"1,166",8,7,14,12,18,41,84,132,111,162,209,235,194,"1,227",28,18,27,43,57,121,241,283,295,297,377,347,259,"2,393"
,23.,2018/ június 4.,2018/ június 10.,18,6,19,30,63,68,162,156,151,145,126,110,58,"1,112",11,5,13,19,24,43,78,92,94,159,195,224,159,"1,116",29,11,32,49,87,111,240,248,245,304,321,334,217,"2,228"
,24.,2018/ június 11.,2018/ június 17.,22,10,22,29,58,68,166,154,158,162,137,89,74,"1,149",8,8,8,13,31,49,78,99,109,139,171,213,168,"1,094",30,18,30,42,89,117,244,253,267,301,308,302,242,"2,243"
,25.,2018/ június 18.,2018/ június 24.,19,8,19,23,38,83,119,162,153,147,127,95,61,"1,054",6,3,9,15,21,34,80,100,100,145,213,213,195,"1,134",25,11,28,38,59,117,199,262,253,292,340,308,256,"2,188"
,26.,2018/ június 25.,2018/ július 1.,18,8,16,22,43,73,134,146,132,154,116,101,69,"1,032",12,4,10,16,28,39,76,84,114,144,199,207,175,"1,108",30,12,26,38,71,112,210,230,246,298,315,308,244,"2,140"
,27.,2018/ július 2.,2018/ július 8.,25,3,17,34,44,76,127,143,153,150,134,114,58,"1,078",9,6,10,13,27,29,70,98,123,158,197,228,179,"1,147",34,9,27,47,71,105,197,241,276,308,331,342,237,"2,225"
,28.,2018/ július 9.,2018/ július 15.,26,6,14,28,47,76,139,170,149,169,145,123,71,"1,163",12,6,12,16,21,48,60,94,129,165,190,216,153,"1,122",38,12,26,44,68,124,199,264,278,334,335,339,224,"2,285"
,29.,2018/ július 16.,2018/ július 22.,25,8,22,26,35,74,165,179,160,143,156,119,51,"1,163",9,4,3,13,30,48,71,98,113,143,191,205,174,"1,102",34,12,25,39,65,122,236,277,273,286,347,324,225,"2,265"
,30.,2018/ július 23.,2018/ július 29.,17,5,25,34,71,99,158,165,166,157,162,110,54,"1,223",12,1,11,12,23,40,77,98,124,172,209,222,165,"1,166",29,6,36,46,94,139,235,263,290,329,371,332,219,"2,389"
,31.,2018/ július 30.,2018/ augusztus 5.,30,12,13,35,44,84,150,199,174,162,136,122,69,"1,230",8,2,10,15,17,40,81,103,111,171,245,235,211,"1,249",38,14,23,50,61,124,231,302,285,333,381,357,280,"2,479"
,32.,2018/ augusztus 6.,2018/ augusztus 12.,19,16,18,37,55,96,140,165,158,169,139,109,68,"1,189",13,7,8,15,26,28,74,95,116,173,237,226,212,"1,230",32,23,26,52,81,124,214,260,274,342,376,335,280,"2,419"
,33.,2018/ augusztus 13.,2018/ augusztus 19.,20,6,18,27,63,80,141,154,174,139,143,94,57,"1,116",8,1,10,12,11,34,68,91,105,165,197,217,164,"1,083",28,7,28,39,74,114,209,245,279,304,340,311,221,"2,199"
,34.,2018/ augusztus 20.,2018/ augusztus 26.,16,7,18,23,53,79,127,148,170,146,140,121,63,"1,111",19,5,9,16,36,29,60,93,131,198,206,233,177,"1,212",35,12,27,39,89,108,187,241,301,344,346,354,240,"2,323"
,35.,2018/ augusztus 27.,2018/ szeptember 2.,19,9,12,32,48,80,126,162,153,172,109,100,54,"1,076",8,2,9,16,22,33,82,105,101,160,214,210,216,"1,178",27,11,21,48,70,113,208,267,254,332,323,310,270,"2,254"
,36.,2018/ szeptember 3.,2018/ szeptember 9.,18,14,28,36,50,90,152,166,151,170,131,96,55,"1,157",16,2,9,9,32,38,68,92,106,138,213,220,167,"1,110",34,16,37,45,82,128,220,258,257,308,344,316,222,"2,267"
,37.,2018/ szeptember 10.,2018/ szeptember 16.,15,8,19,27,54,81,168,171,142,158,140,98,81,"1,162",17,7,5,13,25,35,91,94,109,172,233,223,170,"1,194",32,15,24,40,79,116,259,265,251,330,373,321,251,"2,356"
,38.,2018/ szeptember 17.,2018/ szeptember 23.,24,6,20,31,56,85,147,170,167,160,136,113,75,"1,190",9,7,4,12,29,18,90,107,112,158,215,237,197,"1,195",33,13,24,43,85,103,237,277,279,318,351,350,272,"2,385"
,39.,2018/ szeptember 24.,2018/ szeptember 30.,17,4,19,25,63,103,139,187,165,144,125,127,65,"1,183",13,6,7,22,24,37,82,99,110,158,221,213,187,"1,179",30,10,26,47,87,140,221,286,275,302,346,340,252,"2,362"
,40.,2018/ október 1.,2018/ október 7.,16,11,24,29,58,77,140,182,168,161,149,138,67,"1,220",8,3,7,8,32,40,84,104,136,175,224,247,210,"1,278",24,14,31,37,90,117,224,286,304,336,373,385,277,"2,498"
,41.,2018/ október 8.,2018/ október 14.,16,11,18,19,59,91,148,166,147,174,150,117,83,"1,199",13,4,9,12,21,43,88,100,127,183,232,244,237,"1,313",29,15,27,31,80,134,236,266,274,357,382,361,320,"2,512"
,42.,2018/ október 15.,2018/ október 21.,19,10,25,36,42,89,154,159,144,148,149,131,71,"1,177",12,5,9,19,21,55,78,103,108,167,245,234,199,"1,255",31,15,34,55,63,144,232,262,252,315,394,365,270,"2,432"
,43.,2018/ október 22.,2018/ október 28.,20,10,20,32,45,76,168,183,166,159,133,118,56,"1,186",7,7,7,16,19,45,72,108,121,158,218,243,202,"1,223",27,17,27,48,64,121,240,291,287,317,351,361,258,"2,409"
,44.,2018/ október 29.,2018/ november 4.,11,13,11,30,52,83,155,163,152,158,127,118,63,"1,136",6,6,6,15,20,45,69,109,128,162,237,223,199,"1,225",17,19,17,45,72,128,224,272,280,320,364,341,262,"2,361"
,45.,2018/ november 5.,2018/ november 11.,18,5,18,23,55,82,156,158,155,159,139,120,72,"1,160",7,4,8,23,20,41,65,100,110,159,225,224,216,"1,202",25,9,26,46,75,123,221,258,265,318,364,344,288,"2,362"
,46.,2018/ november 12.,2018/ november 18.,18,9,24,40,69,75,139,172,180,155,113,118,71,"1,183",11,2,11,13,23,48,74,104,111,179,209,256,184,"1,225",29,11,35,53,92,123,213,276,291,334,322,374,255,"2,408"
,47.,2018/ november 19.,2018/ november 25.,17,10,16,44,52,109,139,161,197,198,158,120,47,"1,268",11,4,5,18,22,44,80,105,130,175,233,245,215,"1,287",28,14,21,62,74,153,219,266,327,373,391,365,262,"2,555"
,48.,2018/ november 26.,2018/ december 2.,19,8,23,27,61,81,151,191,168,172,169,129,71,"1,270",12,4,11,14,29,30,75,120,125,162,245,241,221,"1,289",31,12,34,41,90,111,226,311,293,334,414,370,292,"2,559"
,49.,2018/ december 3.,2018/ december 9.,23,9,18,33,49,86,172,165,193,196,173,133,67,"1,317",6,7,12,17,21,48,95,95,116,191,229,289,201,"1,327",29,16,30,50,70,134,267,260,309,387,402,422,268,"2,644"
,50.,2018/ december 10.,2018/ december 16.,16,11,24,24,55,95,178,189,187,171,160,113,71,"1,294",5,3,11,11,24,38,86,110,145,206,240,274,230,"1,383",21,14,35,35,79,133,264,299,332,377,400,387,301,"2,677"
,51.,2018/ december 17.,2018/ december 23.,18,11,24,49,66,100,159,194,201,185,165,137,76,"1,385",13,1,2,15,28,38,98,115,148,201,268,261,224,"1,412",31,12,26,64,94,138,257,309,349,386,433,398,300,"2,797"
,52.,2018/ december 24.,2018/ december 30.,23,5,21,35,53,106,168,194,193,184,180,131,80,"1,373",7,2,12,17,22,48,88,129,147,199,263,283,270,"1,487",30,7,33,52,75,154,256,323,340,383,443,414,350,"2,860"
2019.,1.,2018/ december 31.,2019/ január 6.,24,9,17,37,78,110,158,201,194,178,183,140,90,"1,419",11,5,13,26,24,55,105,129,163,216,286,319,283,"1,635",35,14,30,63,102,165,263,330,357,394,469,459,373,"3,054"
,2.,2019/ január 7.,2019/ január 13.,16,13,22,35,63,93,179,233,230,192,177,150,77,"1,480",14,2,10,13,31,44,101,127,160,223,305,308,272,"1,610",30,15,32,48,94,137,280,360,390,415,482,458,349,"3,090"
,3.,2019/ január 14.,2019/ január 20.,21,6,22,38,65,82,170,199,186,192,176,157,94,"1,408",9,4,11,14,26,51,93,121,157,234,315,327,267,"1,629",30,10,33,52,91,133,263,320,343,426,491,484,361,"3,037"
,4.,2019/ január 21.,2019/ január 27.,21,7,26,39,54,92,186,242,204,221,187,173,108,"1,560",12,5,10,21,30,46,112,107,152,220,336,333,290,"1,674",33,12,36,60,84,138,298,349,356,441,523,506,398,"3,234"
,5.,2019/ január 28.,2019/ február 3.,27,6,11,52,82,100,197,218,211,214,191,161,96,"1,566",8,7,6,13,27,66,111,139,174,264,352,347,304,"1,818",35,13,17,65,109,166,308,357,385,478,543,508,400,"3,384"
,6.,2019/ február 4.,2019/ február 10.,22,10,22,41,61,102,181,214,225,219,185,173,74,"1,529",6,4,12,21,19,53,89,146,174,221,316,362,311,"1,734",28,14,34,62,80,155,270,360,399,440,501,535,385,"3,263"
,7.,2019/ február 11.,2019/ február 17.,22,9,21,37,79,91,187,186,180,213,163,137,97,"1,422",12,3,10,21,42,45,105,113,151,228,303,316,263,"1,612",34,12,31,58,121,136,292,299,331,441,466,453,360,"3,034"
,8.,2019/ február 18.,2019/ február 24.,19,7,26,35,51,77,155,219,206,204,177,149,72,"1,397",7,9,10,12,25,36,84,135,140,198,288,285,262,"1,491",26,16,36,47,76,113,239,354,346,402,465,434,334,"2,888"
,9.,2019/ február 25.,2019/ március 3.,28,12,22,45,54,104,170,212,185,203,174,142,83,"1,434",18,3,8,16,28,45,73,107,168,194,281,305,229,"1,475",46,15,30,61,82,149,243,319,353,397,455,447,312,"2,909"
,10.,2019/ március 4.,2019/ március 10.,25,14,19,32,44,71,143,182,180,173,150,142,74,"1,249",9,8,8,17,19,48,87,125,147,204,273,278,241,"1,464",34,22,27,49,63,119,230,307,327,377,423,420,315,"2,713"
,11.,2019/ március 11.,2019/ március 17.,20,9,15,28,49,109,159,184,192,189,160,123,71,"1,308",10,5,8,20,21,40,86,102,134,207,286,272,234,"1,425",30,14,23,48,70,149,245,286,326,396,446,395,305,"2,733"
,12.,2019/ március 18.,2019/ március 24.,16,7,20,26,60,91,134,181,179,142,139,134,74,"1,203",9,2,5,16,18,32,72,92,143,158,253,267,199,"1,266",25,9,25,42,78,123,206,273,322,300,392,401,273,"2,469"
,13.,2019/ március 25.,2019/ március 31.,17,6,16,23,47,82,148,150,163,160,126,124,69,"1,131",11,6,11,12,25,40,73,108,119,202,229,238,206,"1,280",28,12,27,35,72,122,221,258,282,362,355,362,275,"2,411"
,14.,2019/ április 1.,2019/ április 7.,21,12,21,35,47,74,127,184,147,166,136,118,69,"1,157",12,3,11,11,25,46,95,109,120,152,221,252,200,"1,257",33,15,32,46,72,120,222,293,267,318,357,370,269,"2,414"
,15.,2019/ április 8.,2019/ április 14.,21,4,18,26,54,78,149,191,150,177,134,116,66,"1,184",14,2,7,9,28,29,77,97,114,169,204,244,215,"1,209",35,6,25,35,82,107,226,288,264,346,338,360,281,"2,393"
,16.,2019/ április 15.,2019/ április 21.,20,11,19,30,55,80,142,168,158,169,109,115,66,"1,142",10,3,8,16,21,24,70,95,124,183,200,216,215,"1,185",30,14,27,46,76,104,212,263,282,352,309,331,281,"2,327"
,17.,2019/ április 22.,2019/ április 28.,15,6,19,24,50,91,148,186,147,153,142,129,57,"1,167",4,6,6,7,27,39,86,105,132,168,235,273,187,"1,275",19,12,25,31,77,130,234,291,279,321,377,402,244,"2,442"
,18.,2019/ április 29.,2019/ május 5.,17,11,21,34,45,69,145,159,142,168,134,101,70,"1,116",5,8,7,17,16,43,76,128,88,173,201,219,219,"1,200",22,19,28,51,61,112,221,287,230,341,335,320,289,"2,316"
,19.,2019/ május 6.,2019/ május 12.,17,8,22,30,53,61,115,154,130,179,126,126,77,"1,098",6,6,6,12,24,40,69,113,100,188,212,244,165,"1,185",23,14,28,42,77,101,184,267,230,367,338,370,242,"2,283"
,20.,2019/ május 13.,2019/ május 19.,16,7,20,20,49,84,134,160,142,161,145,107,53,"1,098",7,4,13,16,22,32,81,91,118,173,189,193,171,"1,110",23,11,33,36,71,116,215,251,260,334,334,300,224,"2,208"
,21.,2019/ május 20.,2019/ május 26.,16,5,19,27,42,61,130,172,157,155,126,104,67,"1,081",5,2,14,13,21,42,65,100,122,166,219,244,189,"1,202",21,7,33,40,63,103,195,272,279,321,345,348,256,"2,283"
,22.,2019/ május 27.,2019/ június 2.,15,14,12,32,46,76,153,145,146,156,122,103,73,"1,093",13,8,6,11,24,36,70,93,111,146,205,207,173,"1,103",28,22,18,43,70,112,223,238,257,302,327,310,246,"2,196"
,23.,2019/ június 3.,2019/ június 9.,23,9,16,24,49,66,155,160,156,169,130,108,65,"1,130",7,4,8,20,17,47,82,116,113,154,197,219,174,"1,158",30,13,24,44,66,113,237,276,269,323,327,327,239,"2,288"
,24.,2019/ június 10.,2019/ június 16.,24,7,28,42,49,79,150,185,173,186,146,129,67,"1,265",10,5,9,13,22,35,86,111,109,204,256,275,223,"1,358",34,12,37,55,71,114,236,296,282,390,402,404,290,"2,623"
,25.,2019/ június 17.,2019/ június 23.,21,12,19,22,49,74,126,166,173,145,131,128,63,"1,129",11,4,13,8,20,38,62,95,121,137,208,203,168,"1,088",32,16,32,30,69,112,188,261,294,282,339,331,231,"2,217"
,26.,2019/ június 24.,2019/ június 30.,26,6,26,36,45,90,144,142,155,169,126,97,61,"1,123",9,4,11,18,23,43,64,95,114,156,233,213,141,"1,124",35,10,37,54,68,133,208,237,269,325,359,310,202,"2,247"
,27.,2019/ július 1.,2019/ július 7.,25,13,17,26,50,83,155,158,127,160,126,105,62,"1,107",10,5,11,21,19,35,63,86,120,167,194,243,161,"1,135",35,18,28,47,69,118,218,244,247,327,320,348,223,"2,242"
,28.,2019/ július 8.,2019/ július 14.,13,12,11,23,47,71,130,150,142,133,135,82,47,996,12,5,9,10,18,43,51,88,100,152,194,215,172,"1,069",25,17,20,33,65,114,181,238,242,285,329,297,219,"2,065"
,29.,2019/ július 15.,2019/ július 21.,17,11,16,28,36,101,131,148,147,154,131,125,72,"1,117",8,3,1,21,25,40,62,101,123,154,205,230,202,"1,175",25,14,17,49,61,141,193,249,270,308,336,355,274,"2,292"
,30.,2019/ július 22.,2019/ július 28.,17,5,20,29,53,101,145,164,164,176,129,127,66,"1,196",11,4,13,14,29,35,88,100,128,173,217,249,214,"1,275",28,9,33,43,82,136,233,264,292,349,346,376,280,"2,471"
,31.,2019/ július 29.,2019/ augusztus 4.,17,10,18,31,52,77,119,186,157,144,118,87,56,"1,072",8,7,9,10,22,37,53,100,106,154,204,203,185,"1,098",25,17,27,41,74,114,172,286,263,298,322,290,241,"2,170"
,32.,2019/ augusztus 5.,2019/ augusztus 11.,14,6,24,27,51,80,128,138,142,151,130,111,69,"1,071",9,6,11,10,12,31,60,93,117,147,211,243,194,"1,144",23,12,35,37,63,111,188,231,259,298,341,354,263,"2,215"
,33.,2019/ augusztus 12.,2019/ augusztus 18.,23,14,15,35,44,75,146,162,144,170,111,101,48,"1,088",12,5,6,10,16,44,67,100,100,182,180,230,178,"1,130",35,19,21,45,60,119,213,262,244,352,291,331,226,"2,218"
,34.,2019/ augusztus 19.,2019/ augusztus 25.,23,5,23,27,52,74,133,150,153,145,119,128,63,"1,095",10,6,7,9,22,37,61,91,104,167,213,229,184,"1,140",33,11,30,36,74,111,194,241,257,312,332,357,247,"2,235"
,35.,2019/ augusztus 26.,2019/ szeptember 1.,18,12,12,42,48,68,130,171,148,167,153,111,75,"1,155",7,6,6,13,28,44,69,111,127,146,218,228,215,"1,218",25,18,18,55,76,112,199,282,275,313,371,339,290,"2,373"
,36.,2019/ szeptember 2.,2019/ szeptember 8.,22,8,20,27,50,78,138,164,148,138,126,101,52,"1,072",8,4,11,18,18,37,66,98,101,165,215,213,173,"1,127",30,12,31,45,68,115,204,262,249,303,341,314,225,"2,199"
,37.,2019/ szeptember 9.,2019/ szeptember 15.,27,12,17,25,49,68,138,152,172,158,125,98,58,"1,099",12,3,10,11,27,30,72,88,116,137,193,189,167,"1,055",39,15,27,36,76,98,210,240,288,295,318,287,225,"2,154"
,38.,2019/ szeptember 16.,2019/ szeptember 22.,23,9,13,33,52,79,125,150,136,152,132,128,59,"1,091",14,2,6,14,25,30,77,101,122,157,197,218,187,"1,150",37,11,19,47,77,109,202,251,258,309,329,346,246,"2,241"
,39.,2019/ szeptember 23.,2019/ szeptember 29.,19,6,15,37,58,79,151,184,150,184,151,106,84,"1,224",11,2,12,14,32,38,75,105,112,168,234,245,222,"1,270",30,8,27,51,90,117,226,289,262,352,385,351,306,"2,494"
,40.,2019/ szeptember 30.,2019/ október 6.,21,5,28,27,51,90,148,162,173,174,142,112,75,"1,208",14,5,14,21,28,46,73,120,113,168,218,203,211,"1,234",35,10,42,48,79,136,221,282,286,342,360,315,286,"2,442"
,41.,2019/ október 7.,2019/ október 13.,28,9,12,30,39,85,132,186,164,159,149,130,66,"1,189",11,3,14,9,23,35,65,89,114,155,244,236,195,"1,193",39,12,26,39,62,120,197,275,278,314,393,366,261,"2,382"
,42.,2019/ október 14.,2019/ október 20.,18,10,12,17,62,87,128,161,173,158,141,113,70,"1,150",7,1,6,13,31,37,55,102,117,195,224,228,228,"1,244",25,11,18,30,93,124,183,263,290,353,365,341,298,"2,394"
,43.,2019/ október 21.,2019/ október 27.,14,14,20,37,49,82,103,166,157,168,150,126,89,"1,175",12,2,11,7,15,39,64,116,123,171,196,237,187,"1,180",26,16,31,44,64,121,167,282,280,339,346,363,276,"2,355"
,44.,2019/ október 28.,2019/ november 3.,12,12,21,32,55,73,122,183,160,164,148,110,55,"1,147",13,6,11,14,24,21,66,98,107,167,212,229,182,"1,150",25,18,32,46,79,94,188,281,267,331,360,339,237,"2,297"
,45.,2019/ november 4.,2019/ november 10.,16,4,15,23,57,71,128,189,148,165,138,129,66,"1,149",7,5,8,13,20,36,86,104,132,189,225,271,198,"1,294",23,9,23,36,77,107,214,293,280,354,363,400,264,"2,443"
,46.,2019/ november 11.,2019/ november 17.,21,6,16,19,45,76,133,170,166,177,124,115,82,"1,150",8,4,11,11,30,44,61,109,122,145,221,227,216,"1,209",29,10,27,30,75,120,194,279,288,322,345,342,298,"2,359"
,47.,2019/ november 18.,2019/ november 24.,22,9,11,27,48,82,123,179,155,167,125,115,65,"1,128",14,3,12,13,19,32,68,105,114,162,213,226,192,"1,173",36,12,23,40,67,114,191,284,269,329,338,341,257,"2,301"
,48.,2019/ november 25.,2019/ december 1.,22,4,17,25,58,82,129,170,151,140,156,117,66,"1,137",10,6,8,15,23,35,69,97,144,174,197,237,205,"1,220",32,10,25,40,81,117,198,267,295,314,353,354,271,"2,357"
,49.,2019/ december 2.,2019/ december 8.,15,12,17,33,41,91,148,194,151,183,154,120,68,"1,227",15,4,11,13,21,39,80,118,130,189,230,267,217,"1,334",30,16,28,46,62,130,228,312,281,372,384,387,285,"2,561"
,50.,2019/ december 9.,2019/ december 15.,21,7,24,37,46,84,154,182,166,195,165,117,71,"1,269",12,2,4,14,28,43,82,112,113,181,207,237,222,"1,257",33,9,28,51,74,127,236,294,279,376,372,354,293,"2,526"
,51.,2019/ december 16.,2019/ december 22.,22,16,22,31,60,70,143,191,175,173,136,123,70,"1,232",15,7,11,13,27,42,83,117,127,176,224,261,203,"1,306",37,23,33,44,87,112,226,308,302,349,360,384,273,"2,538"
,52.,2019/ december 23.,2019/ december 29.,18,12,15,19,57,83,141,200,158,171,153,122,76,"1,225",10,1,8,10,19,44,62,98,133,174,252,266,193,"1,270",28,13,23,29,76,127,203,298,291,345,405,388,269,"2,495"
2020.,1.,2019/ december 30.,2020/ január 5.,17,10,14,31,66,96,156,182,167,182,148,121,73,"1,263",9,3,7,17,32,51,83,133,145,179,243,240,204,"1,346",26,13,21,48,98,147,239,315,312,361,391,361,277,"2,609"
,2.,2020/ január 6.,2020/ január 12.,25,11,27,29,54,89,151,199,175,146,176,147,72,"1,301",10,4,8,11,27,33,77,109,131,195,227,240,213,"1,285",35,15,35,40,81,122,228,308,306,341,403,387,285,"2,586"
,3.,2020/ január 13.,2020/ január 19.,21,7,18,36,61,75,131,164,184,181,163,121,82,"1,244",9,5,10,16,25,48,85,102,125,193,251,243,226,"1,338",30,12,28,52,86,123,216,266,309,374,414,364,308,"2,582"
,4.,2020/ január 20.,2020/ január 26.,15,7,21,34,53,91,149,202,167,187,148,133,75,"1,282",11,3,11,8,31,46,96,109,156,197,265,297,208,"1,438",26,10,32,42,84,137,245,311,323,384,413,430,283,"2,720"
,5.,2020/ január 27.,2020/ február 2.,22,9,18,34,49,75,156,196,201,207,165,139,86,"1,357",10,3,9,6,22,39,87,126,134,243,246,263,255,"1,443",32,12,27,40,71,114,243,322,335,450,411,402,341,"2,800"
,6.,2020/ február 3.,2020/ február 9.,16,16,14,31,51,91,155,180,183,200,156,136,66,"1,295",6,4,10,11,25,44,69,124,143,190,242,260,212,"1,340",22,20,24,42,76,135,224,304,326,390,398,396,278,"2,635"
,7.,2020/ február 10.,2020/ február 16.,21,10,18,32,58,87,117,204,172,197,181,125,82,"1,304",12,5,6,10,19,44,89,135,158,206,258,276,228,"1,446",33,15,24,42,77,131,206,339,330,403,439,401,310,"2,750"
,8.,2020/ február 17.,2020/ február 23.,19,8,16,26,48,84,129,176,164,200,156,126,70,"1,222",4,4,11,11,16,35,76,141,137,186,248,267,228,"1,364",23,12,27,37,64,119,205,317,301,386,404,393,298,"2,586"
,9.,2020/ február 24.,2020/ március 1.,16,8,21,39,58,77,148,189,194,192,168,111,81,"1,302",12,2,11,17,31,41,85,115,151,198,276,292,249,"1,480",28,10,32,56,89,118,233,304,345,390,444,403,330,"2,782"
,10.,2020/ március 2.,2020/ március 8.,23,6,15,25,52,79,153,208,178,197,166,132,70,"1,304",8,2,10,15,17,27,71,93,141,182,252,243,240,"1,301",31,8,25,40,69,106,224,301,319,379,418,375,310,"2,605"
,11.,2020/ március 9.,2020/ március 15.,25,8,17,17,60,73,124,164,188,198,161,117,74,"1,226",15,5,14,10,26,38,73,133,143,206,222,254,212,"1,351",40,13,31,27,86,111,197,297,331,404,383,371,286,"2,577"
,12.,2020/ március 16.,2020/ március 22.,18,10,14,30,68,92,156,193,172,193,180,142,74,"1,342",11,3,6,15,21,37,71,146,136,210,272,305,226,"1,459",29,13,20,45,89,129,227,339,308,403,452,447,300,"2,801"
,13.,2020/ március 23.,2020/ március 29.,23,11,13,36,38,69,122,193,174,174,151,133,87,"1,224",9,8,9,14,28,38,77,140,124,181,268,244,227,"1,367",32,19,22,50,66,107,199,333,298,355,419,377,314,"2,591"
,14.,2020/ március 30.,2020/ április 5.,19,7,12,30,48,67,152,185,171,166,139,120,60,"1,176",10,5,3,19,30,51,95,119,142,175,226,252,222,"1,349",29,12,15,49,78,118,247,304,313,341,365,372,282,"2,525"
,15.,2020/ április 6.,2020/ április 12.,19,11,20,27,71,81,154,178,145,172,142,128,90,"1,238",15,6,7,21,34,37,78,116,119,208,216,259,218,"1,334",34,17,27,48,105,118,232,294,264,380,358,387,308,"2,572"
,16.,2020/ április 13.,2020/ április 19.,17,5,10,41,63,97,123,183,160,170,163,123,70,"1,225",8,7,13,14,29,40,78,108,116,178,208,279,206,"1,284",25,12,23,55,92,137,201,291,276,348,371,402,276,"2,509"
,17.,2020/ április 20.,2020/ április 26.,18,10,11,34,48,69,139,163,175,160,131,124,55,"1,137",8,5,6,19,23,37,73,105,127,178,209,198,231,"1,219",26,15,17,53,71,106,212,268,302,338,340,322,286,"2,356"
,18.,2020/ április 27.,2020/ május 3.,25,6,14,25,51,68,114,159,148,144,136,113,51,"1,054",9,4,12,11,29,37,65,96,105,171,222,217,219,"1,197",34,10,26,36,80,105,179,255,253,315,358,330,270,"2,251"
,19.,2020/ május 4.,2020/ május 10.,13,8,15,40,51,76,119,159,142,175,144,104,58,"1,104",9,3,12,13,19,40,73,135,121,149,197,231,185,"1,187",22,11,27,53,70,116,192,294,263,324,341,335,243,"2,291"
,20.,2020/ május 11.,2020/ május 17.,22,14,15,31,45,77,142,183,151,152,142,121,68,"1,163",9,3,14,15,16,25,76,106,132,160,215,223,187,"1,181",31,17,29,46,61,102,218,289,283,312,357,344,255,"2,344"
,21.,2020/ május 18.,2020/ május 24.,15,11,15,24,42,83,105,161,148,166,122,102,55,"1,049",15,3,4,16,17,25,61,94,136,160,186,191,154,"1,062",30,14,19,40,59,108,166,255,284,326,308,293,209,"2,111"
,22.,2020/ május 25.,2020/ május 31.,30,10,18,27,42,73,122,165,139,144,126,115,51,"1,062",8,4,7,16,16,39,80,95,134,166,195,205,165,"1,130",38,14,25,43,58,112,202,260,273,310,321,320,216,"2,192"
,23.,2020/ június 1.,2020/ június 7.,22,5,21,20,51,91,165,183,155,159,129,114,70,"1,185",4,5,9,25,26,32,71,101,127,168,237,209,198,"1,212",26,10,30,45,77,123,236,284,282,327,366,323,268,"2,397"
,24.,2020/ június 8.,2020/ június 14.,18,11,20,30,41,69,125,160,136,168,145,121,73,"1,117",6,4,9,15,18,30,77,116,123,136,198,252,187,"1,171",24,15,29,45,59,99,202,276,259,304,343,373,260,"2,288"
,25.,2020/ június 15.,2020/ június 21.,20,6,20,37,52,64,128,143,176,117,117,92,57,"1,029",9,3,9,21,17,34,61,93,120,162,183,173,157,"1,042",29,9,29,58,69,98,189,236,296,279,300,265,214,"2,071"
,26.,2020/ június 22.,2020/ június 28.,17,14,20,27,50,88,135,172,151,161,122,127,60,"1,144",8,3,9,13,20,43,74,101,131,167,183,198,168,"1,118",25,17,29,40,70,131,209,273,282,328,305,325,228,"2,262"
,27.,2020/ június 29.,2020/ július 5.,23,5,16,30,52,79,121,164,170,181,126,116,64,"1,147",6,8,9,16,23,24,70,123,108,162,209,213,196,"1,167",29,13,25,46,75,103,191,287,278,343,335,329,260,"2,314"
,28.,2020/ július 6.,2020/ július 12.,15,8,13,25,42,75,146,156,138,139,148,104,52,"1,061",16,1,14,14,24,36,64,102,111,134,208,213,175,"1,112",31,9,27,39,66,111,210,258,249,273,356,317,227,"2,173"
,29.,2020/ július 13.,2020/ július 19.,12,5,17,23,56,67,112,160,169,143,137,118,61,"1,080",12,4,11,16,19,25,55,99,121,146,185,191,147,"1,031",24,9,28,39,75,92,167,259,290,289,322,309,208,"2,111"
,30.,2020/ július 20.,2020/ július 26.,18,2,16,29,45,64,117,168,140,159,110,109,53,"1,030",7,–,7,13,17,42,64,101,122,156,194,208,191,"1,122",25,2,23,42,62,106,181,269,262,315,304,317,244,"2,152"
,31.,2020/ július 27.,2020/ augusztus 2.,22,10,20,26,52,70,125,164,147,164,137,113,76,"1,126",5,3,12,21,33,46,72,102,109,178,218,267,166,"1,232",27,13,32,47,85,116,197,266,256,342,355,380,242,"2,358"
,32.,2020/ augusztus 3.,2020/ augusztus 9.,19,9,24,35,60,75,129,175,149,177,131,110,69,"1,162",8,4,9,14,26,34,83,107,126,152,201,221,165,"1,150",27,13,33,49,86,109,212,282,275,329,332,331,234,"2,312"
,33.,2020/ augusztus 10.,2020/ augusztus 16.,15,9,27,37,61,74,128,171,142,167,141,116,57,"1,145",8,7,7,14,23,26,65,117,121,152,173,223,184,"1,120",23,16,34,51,84,100,193,288,263,319,314,339,241,"2,265"
,34.,2020/ augusztus 17.,2020/ augusztus 23.,18,7,24,29,64,73,116,182,141,153,135,97,78,"1,117",4,5,7,16,26,35,59,95,138,145,177,210,188,"1,105",22,12,31,45,90,108,175,277,279,298,312,307,266,"2,222"
,35.,2020/ augusztus 24.,2020/ augusztus 30.,19,11,15,24,39,86,109,192,137,150,148,93,63,"1,086",8,6,6,10,27,40,62,104,123,162,181,207,182,"1,118",27,17,21,34,66,126,171,296,260,312,329,300,245,"2,204"
,36.,2020/ augusztus 31.,2020/ szeptember 6.,28,11,18,24,56,63,123,160,172,160,116,101,64,"1,096",7,3,11,16,21,34,57,97,101,175,209,221,172,"1,124",35,14,29,40,77,97,180,257,273,335,325,322,236,"2,220"
,37.,2020/ szeptember 7.,2020/ szeptember 13.,18,10,23,26,58,75,134,173,164,147,125,130,70,"1,153",11,1,5,10,26,39,59,105,125,160,198,239,199,"1,177",29,11,28,36,84,114,193,278,289,307,323,369,269,"2,330"
,38.,2020/ szeptember 14.,2020/ szeptember 20.,15,11,14,38,61,78,134,182,170,165,176,110,53,"1,207",12,6,9,15,30,32,74,102,128,191,213,249,203,"1,264",27,17,23,53,91,110,208,284,298,356,389,359,256,"2,471"
,39.,2020/ szeptember 21.,2020/ szeptember 27.,21,14,21,32,59,75,127,207,185,159,144,106,68,"1,218",9,8,10,15,22,31,62,121,139,184,237,223,180,"1,241",30,22,31,47,81,106,189,328,324,343,381,329,248,"2,459"
,40.,2020/ szeptember 28.,2020/ október 4.,24,18,18,26,51,88,122,186,172,193,150,120,77,"1,245",18,8,9,12,27,47,69,119,141,199,216,239,208,"1,312",42,26,27,38,78,135,191,305,313,392,366,359,285,"2,557"
,41.,2020/ október 5.,2020/ október 11.,22,11,13,32,64,82,132,177,180,180,152,132,71,"1,248",11,4,4,9,24,41,53,119,137,202,233,278,196,"1,311",33,15,17,41,88,123,185,296,317,382,385,410,267,"2,559"
,42.,2020/ október 12.,2020/ október 18.,19,10,19,36,58,72,157,198,185,208,146,146,68,"1,322",4,3,4,17,25,48,80,135,139,208,260,266,233,"1,422",23,13,23,53,83,120,237,333,324,416,406,412,301,"2,744"
,43.,2020/ október 19.,2020/ október 25.,29,11,15,44,61,87,150,226,217,207,180,133,73,"1,433",14,8,14,16,26,36,60,127,170,222,312,270,263,"1,538",43,19,29,60,87,123,210,353,387,429,492,403,336,"2,971"
,44.,2020/ október 26.,2020/ november 1.,22,4,14,41,62,80,160,252,225,236,217,157,95,"1,565",10,7,17,18,33,39,92,136,158,229,286,296,259,"1,580",32,11,31,59,95,119,252,388,383,465,503,453,354,"3,145"
,45.,2020/ november 2.,2020/ november 8.,21,10,23,42,68,100,153,273,241,256,220,209,117,"1,733",13,8,15,15,22,53,84,156,182,261,339,332,274,"1,754",34,18,38,57,90,153,237,429,423,517,559,541,391,"3,487"
,46.,2020/ november 9.,2020/ november 15.,30,7,24,50,81,102,183,274,305,291,278,199,100,"1,924",14,3,11,16,37,41,95,161,199,291,396,377,279,"1,920",44,10,35,66,118,143,278,435,504,582,674,576,379,"3,844"
,47.,2020/ november 16.,2020/ november 22.,17,10,20,43,60,123,202,312,306,288,250,178,116,"1,925",11,4,10,16,32,43,77,153,204,279,378,368,303,"1,878",28,14,30,59,92,166,279,465,510,567,628,546,419,"3,803"
,48.,2020/ november 23.,2020/ november 29.,12,9,23,48,58,91,204,305,283,289,256,222,114,"1,914",13,11,8,15,37,61,102,137,214,264,374,429,313,"1,978",25,20,31,63,95,152,306,442,497,553,630,651,427,"3,892"
,49.,2020/ november 30.,2020/ december 6.,20,9,27,36,76,115,201,290,291,275,261,168,118,"1,887",11,7,13,23,32,53,96,154,220,265,384,400,354,"2,012",31,16,40,59,108,168,297,444,511,540,645,568,472,"3,899"
,50.,2020/ december 7.,2020/ december 13.,25,11,24,49,47,89,165,264,249,286,251,174,105,"1,739",12,2,16,21,37,40,88,157,196,277,397,433,347,"2,023",37,13,40,70,84,129,253,421,445,563,648,607,452,"3,762"
,51.,2020/ december 14.,2020/ december 20.,21,10,19,35,55,99,193,220,259,259,208,163,111,"1,652",9,7,12,23,24,39,78,156,184,257,358,362,338,"1,847",30,17,31,58,79,138,271,376,443,516,566,525,449,"3,499"
,52.,2020/ december 21.,2020/ december 27.,28,5,21,35,76,110,176,250,242,270,187,162,98,"1,660",10,3,13,23,36,50,67,153,197,237,331,385,313,"1,818",38,8,34,58,112,160,243,403,439,507,518,547,411,"3,478"
